model,training accuracy,validation accuracy,balanced validation accuracy
linearsvc,0.9543111111111111,0.8906666666666667,0.9014301867980647
Perceptron,0.9852888888888889,0.9209333333333334,0.8464531194881911
